id,conversation_id,tweet,username,user_id,date,time,likes_count,replies_count,retweets_count,hashtags,mentions,retweet,quote_url,user_rt_id,source,retweet_date
1322579976609292289,1322579976609292289,@JManuelMoretti de Estelares lee un fragmento de ‚ÄúAlma Rusa‚Äù de @CintiaRogovsky  https://t.co/UfefzOdes6,editorialunlp,83893557,2020-10-31,13:43:33,30,0,10,[],"[{'screen_name': 'cintiarogovsky', 'name': 'corazonesddiversidad', 'id': '113659088'}]",False,,,,
1322532735513231360,1322532735513231360,"En momentos como estos, en los que el derecho a la vivienda est√° en plena discusi√≥n, desde @Editorialunlp lanzamos un libro que analiza la compleja realidad del acceso a la tierra. Pronto en @sedici_unlp y en el repositorio de CLACSO  https://t.co/z2NE9PbwIP",editorialunlp,83893557,2020-10-31,10:35:50,13,0,1,[],"[{'screen_name': 'editorialunlp', 'name': 'editorial unlp', 'id': '83893557'}, {'screen_name': 'sedici_unlp', 'name': 'sedici - unlp', 'id': '112498897'}]",False,,,,
1322160509077082114,1322160509077082114,Dos libros impresionantes a un precio amigo  Env√≠os a domicilio Pedilos en nuestro perfil de IG  https://t.co/bCBLvbqisD,editorialunlp,83893557,2020-10-30,09:56:44,2,0,2,[],[],False,,,,
1321991085602865159,1321991085602865159,Daniel Krupa habla de su novela ‚ÄúDodge‚Äù que lanzamos recientemente  Se consigue a trav√©s de nuestra cuenta de IG  Env√≠os a todo el pa√≠s  https://t.co/p8FCJTWY2X,editorialunlp,83893557,2020-10-29,22:43:30,2,0,1,[],[],False,,,,
1319628034685739008,1319628034685739008,Hoy hacemos dos charlas que la rompen. Una por zoom y otra por la cuenta de IG de EDULP Los y las esperamos con un mate  https://t.co/PSimtL280O,editorialunlp,83893557,2020-10-23,10:13:35,5,0,1,[],[],False,,,,
1319323384946282501,1319323384946282501,Ma√±ana dos actividades que la rompen. Una por zoom y otra por nuestra cuenta de IG Los y las esperamos con un mate  https://t.co/y0SRuQ5bGM,editorialunlp,83893557,2020-10-22,14:03:01,12,0,5,[],[],False,,,,
1318964234382921729,1318964234382921729,Este viernes nos unimos a @UNQoficial para converse sobre violencia de g√©nero en los delitos de Lesa Humanidad.  @Delfinagl y Viviana Beigel Por nuestra cuenta de IG  https://t.co/dfuRCseSat,editorialunlp,83893557,2020-10-21,14:15:53,6,0,4,[],"[{'screen_name': 'unqoficial', 'name': 'unq oficial', 'id': '582200370'}, {'screen_name': 'delfinagl', 'name': 'delfina', 'id': '286958450'}]",False,,,,
1318912847003455489,1318912847003455489,"Se desarrollar√° este viernes el encuentro ‚ÄúCuerpos que hablan: moda, gordofobia y racismo‚Äù  https://t.co/XUxA12UgAg v√≠a @PeriodismoUNLP",editorialunlp,83893557,2020-10-21,10:51:41,3,0,1,[],"[{'screen_name': 'periodismounlp', 'name': 'periodismo unlp', 'id': '193425836'}]",False,,,,
1318357486479544320,1318357486479544320,PR√ìXIMO LANZAMIENTO üìö  https://t.co/ObSymHbf0P,editorialunlp,83893557,2020-10-19,22:04:53,3,2,1,[],[],False,,,,
1318179724968034304,1318179724968034304,"Este viernes sigue el ciclo de conversaciones sobre arte, vanguardias e industrias culturales.  Hablan sobre moda, racismo y gordofobia Luc√≠a Levy,  Lux Moreno y Kenia Pinto   Acceso libre al zoom (id en el flyer)  https://t.co/nMrERbf4DC",editorialunlp,83893557,2020-10-19,10:18:31,3,0,2,[],[],False,,,,
1317111123850764290,1317111123850764290,HOY !  Todas las charlas son de acceso libre y gratuito por Zoom ( ID de acceso en el flyer)  https://t.co/3A1CwNTywT,editorialunlp,83893557,2020-10-16,11:32:17,2,0,1,[],[],False,,,,
1316725937518641152,1316725937518641152,"EDULP se une a la c√°tedra Arte, Vanguardia e Industrias Culturales de la Facultad de Periodismo para lanzar un ciclo de conversaciones con participantes que son una bomba  Todas las charlas son de acceso libre y gratuito por Zoom ( ID de acceso en el flyer)  https://t.co/3AJhenA3Dg",editorialunlp,83893557,2020-10-15,10:01:41,3,0,1,[],[],False,,,,
1316078381608382472,1316078381608382472,"En la semana de la Lealtad, compartimos el lanzamiento de un nuevo t√≠tulo de la Serie de Econom√≠a Pol√≠tica coordinado por Santiago Fraschina y Pablo Ferrari. Pr√≥logo de Andres Larroque.  Disponible en nuestra librer√≠a  https://t.co/h9FLMkAOLg",editorialunlp,83893557,2020-10-13,15:08:32,26,0,15,[],[],False,,,,
1314582017137405952,1314582017137405952,"Gracias @julianaxat por recomendar ‚ÄúDodge‚Äù, la novela de Daniel Krupa  https://t.co/WCs29zV4pr",editorialunlp,83893557,2020-10-09,12:02:31,4,0,3,[],"[{'screen_name': 'julianaxat', 'name': 'juli√°n axat', 'id': '2409422180'}]",False,,,,
1313882215508594688,1313882215508594688,"‚è∞ Hoy mi√©rcoles 7 a las 19 hs presentamos Extensi√≥n universitaria, continuidades y rupturas.  Les adjuntamos el link de la Plataforma Zoom para ingresar:  https://t.co/M6mWVgjwrk ID de reuni√≥n: 842 1141 6242 C√≥digo de acceso: 338171  https://t.co/g5K2aS0s3M",editorialunlp,83893557,2020-10-07,13:41:45,1,0,2,[],[],False,,,,
1313456893499781121,1313456893499781121,La pandemia no nos detuvo. Esta semana lanzamos dos nuevos t√≠tulos. Una novela y una investigaci√≥n en ciencias sociales. Disponibles en nuestras redes  https://t.co/BNB96SxpDH,editorialunlp,83893557,2020-10-06,09:31:40,6,0,1,[],[],False,,,,
1313100106783174659,1313100106783174659,"üí• LANZAMIENTO üí• ‚ÄúComo en sus novelas anteriores, Daniel Krupa no elige hablarnos de una sola cuesti√≥n sino de varias a la vez. Instantes que se entrelazan al ritmo alucinado e hipn√≥tico de una voz impredecible y, al mismo tiempo, tierna y familiar‚Äù @eldialp  https://t.co/pmjxHeQp0j",editorialunlp,83893557,2020-10-05,09:53:56,4,0,0,[],"[{'screen_name': 'eldialp', 'name': 'el d√≠a de la plata', 'id': '227292821'}]",False,,,,
1312044708785516544,1312044708785516544,"Piglia, Venturini, Giardinelli, Jitrik, Gorodischer,Negroni y otros.  Liberamos para descarga gratuita ‚ÄúDesplazamientos‚Äù, cuentos sobre viajes, exilio y dictadura.  Link  https://t.co/gyQ8LXLXvE‚Ä¶  https://t.co/9DOWKs4kxU",editorialunlp,83893557,2020-10-02,12:00:09,4,0,1,[],[],False,,,,
1310668108684820480,1310668108684820480,ATENCI√ìN !  Comprando un libro en nuestra librer√≠a te llev√°s el segundo con 50% de descuento !  https://t.co/8gFyNfh1FD,editorialunlp,83893557,2020-09-28,16:50:02,21,0,12,[],[],False,,,,
1310566407093006341,1310566407093006341,La novela de  @jotagiglio que editamos sigue dado que hablar Ac√° la nota del gran Carlos Ulanovsky para @elcoheteluna Ellos los quieren  Ellos los quieren @ElCoheteLuna  https://t.co/cRDwiHe4k6,editorialunlp,83893557,2020-09-28,10:05:55,8,0,1,[],"[{'screen_name': 'jotagiglio', 'name': 'josefina giglioüíö', 'id': '139017974'}, {'screen_name': 'elcoheteluna', 'name': 'el cohete a la luna üöÄüåö', 'id': '937439845714186241'}, {'screen_name': 'elcoheteluna', 'name': 'el cohete a la luna üöÄüåö', 'id': '937439845714186241'}]",False,,,,
1309522705553686532,1309522620673654786,@tomasbergero @facundoabal @socorristasarg Gracias por todo tu trabajo @tomasbergero,editorialunlp,83893557,2020-09-25,12:58:37,3,0,0,[],"[{'screen_name': 'tomasbergero', 'name': 'tomas bergero trpin', 'id': '81977080'}]",False,,,,
1309450304438624256,1309450304438624256,Hoy los esperamos a las 18 en nuestra cuenta de IG !  https://t.co/SaI4qEZyaA,editorialunlp,83893557,2020-09-25,08:10:55,4,0,1,[],[],False,,,,
1309118429727686657,1309118429727686657,Ma√±ana hacemos un vivo desde nuestra cuenta de IG con una de las referentas del movimiento @socorristasarg para hablar del lanzamiento de ‚ÄúEstamos cerca. Relatos de aborto en cuarentena‚Äù  https://t.co/vX5yUyn63O,editorialunlp,83893557,2020-09-24,10:12:10,3,0,2,[],"[{'screen_name': 'socorristasarg', 'name': 'socorristasenred', 'id': '1032597473037103104'}]",False,,,,
1308755468525998082,1308755468525998082,Parte de las ilustraciones que integran el libro ‚ÄúEstamos cerca. Relatos de aborto en cuarentena‚Äù que hicimos con la Red de Socorristas @socorristasarg  El viernes lo presentamos en un vivo en nuestra cuenta de Instagram  https://t.co/9eKnwUyq8I,editorialunlp,83893557,2020-09-23,10:09:53,11,0,2,[],"[{'screen_name': 'socorristasarg', 'name': 'socorristasenred', 'id': '1032597473037103104'}]",False,,,,
1308065035470737410,1308065035470737410,Lanzamiento ! Este libro es una recopilaci√≥n de relatos de personas que abortaron acompa√±adas por activistas feministas de la organizaci√≥n Socorristas en Red durante los primeros 100 d√≠as de aislamiento dispuesto por el Gobierno argentino frente al avance de la pandemia  https://t.co/Z4DNRzkXdl,editorialunlp,83893557,2020-09-21,12:26:21,1,0,0,[],[],False,,,,
1307315494639341568,1307315494639341568,"A 14 a√±os de la desaparici√≥n de Julio L√≥pez, recomendamos el libro de Magdalena Perez Balbi que editamos donde repasa las acciones art√≠sticas para reclamar justicia.  https://t.co/92Xw61ezWU",editorialunlp,83893557,2020-09-19,10:47:57,6,0,2,[],[],False,,,,
1306961595814338563,1306961595814338563,La novela que editamos de @jotagiglio hoy en P√°gina12   https://t.co/rEjqvTfk49,editorialunlp,83893557,2020-09-18,11:21:41,13,0,1,[],"[{'screen_name': 'jotagiglio', 'name': 'josefina giglioüíö', 'id': '139017974'}]",False,,,,
1306955178168512512,1306955178168512512,"üì£Lxs esperamos hoy a las 18hs para hablar sobre el libro 23 postales de Evita recreadas por reconocidos artistas pl√°sticos.üîäDialogan:Marina Malf√© de la editorial de la Universidad de las Artes y Carlos Ciappina, historiador de la UNLP  https://t.co/6OvVBthEjR",editorialunlp,83893557,2020-09-18,10:56:11,1,0,1,[],[],False,,,,
1306339254994427904,1306339254994427904,Este viernes nos aliamos con la editorial de la Universidad de las Artes y hacemos este VIVO sobre uno de los libros m√°s preciosos que tienen. Atenci√≥n porque hay sorteo !  https://t.co/se3aeVoz25,editorialunlp,83893557,2020-09-16,18:08:43,1,0,0,[],[],False,,,,
1304797043408465921,1304797043408465921,Tenemos todas estas novedades y te las podemos mandar a tu casa M√°ndanos mensaje por DM  https://t.co/hSQycwO0Zo,editorialunlp,83893557,2020-09-12,12:00:31,2,0,1,[],[],False,,,,
1304429624361996288,1304429624361996288,La poes√≠a no es nada si no circula. Por eso liberamos uno de nuestros libros m√°s queridos.  ‚ÄúCARNIVORA‚Äù de Fernanda Garc√≠a Lao ahora se puede descargar de manera gratuita.‚†Ä‚†Ä‚†Ä‚†Ä‚†Ä‚†Ä‚†Ä‚†Ä‚†Ä ‚úîLINK DE DESCARGA:   https://t.co/s44x12xoQ1  https://t.co/YDcBJbyeM8,editorialunlp,83893557,2020-09-11,11:40:32,5,0,0,[],[],False,,,,
1301936547462352896,1301936547462352896,Celebramos la aprobaci√≥n del cupo travesti y trans  Estos son algunos de nuestros t√≠tulos que reivindican esas luchas üåàüí™üèª  https://t.co/mihBz4s8I3,editorialunlp,83893557,2020-09-04,14:33:56,11,1,4,[],[],False,,,,
1301502121410469890,1301492449811066880,@unlp,editorialunlp,83893557,2020-09-03,09:47:41,0,0,0,[],[],False,,,,
1301492449811066880,1301492449811066880,Nota en @pagina12 sobre el Manual que hicimos para primer grado  @tauberfernando  @MLopezArmengol  @MarcosActis_  @patriciolorente   https://t.co/47dwxUZY4w,editorialunlp,83893557,2020-09-03,09:09:15,12,1,3,[],"[{'screen_name': 'pagina12', 'name': 'p√°gina|12', 'id': '775474080715767808'}, {'screen_name': 'tauberfernando', 'name': 'fernando tauber', 'id': '715248588637470720'}, {'screen_name': 'mlopezarmengol', 'name': 'mart√≠n l√≥pezarmengol', 'id': '2977244559'}, {'screen_name': 'marcosactis_', 'name': 'marcos actis', 'id': '210105970'}, {'screen_name': 'patriciolorente', 'name': 'patricio lorente', 'id': '176746034'}]",False,,,,
1301175051044220933,1301175051044220933,El Manual para primer grado que editamos trae material recortable que pod√©s imprimir con tus hijes  https://t.co/ab6fxKcYgi,editorialunlp,83893557,2020-09-02,12:08:01,11,0,4,[],[],False,,,,
1300859009692565505,1300859009692565505,"NUEVO LIBRO IMPERDIBLEüî• Graffitis, stencils, intervenciones, performances, p√°ginas web e im√°genes digitales. De las pr√°cticas inmersivas de Ala Pl√°stica, a los escraches de HIJOS, pasando por las acciones online de LULI por la desaparici√≥n de J. J. L√≥pez.  https://t.co/pSrr0eGMJu",editorialunlp,83893557,2020-09-01,15:12:11,19,0,4,[],[],False,,,,
1300521835818348545,1300521835818348545,"Al conmemorarse otro d√≠a del Detenido Desaparecido, recordamos tres de nuestros t√≠tulos de la Colecci√≥n Derechos Humanos  https://t.co/z26mIUD6N4",editorialunlp,83893557,2020-08-31,16:52:22,10,0,3,[],[],False,,,,
1299758360288468993,1299758360288468993,"M√°s actual que nunca, este libro piensa el r√©gimen actual del servicio p√∫blico poniendo en el centro al usuario, a partir de un claro mandato constitucional: la necesidad de su tutela como uno de los medios para garantizar su dignidad  https://t.co/la8RWCtNko",editorialunlp,83893557,2020-08-29,14:18:36,3,0,0,[],[],False,,,,
1299376415671017477,1299376415671017477,Carlos R√≠os recomienda ‚ÄúHospitalidad‚Äù nuestro nuevo t√≠tulo  https://t.co/o61xcG0J7T,editorialunlp,83893557,2020-08-28,13:00:53,3,0,3,[],[],False,,,,
1299029945327521792,1299029945327521792,"En momentos claves de la discusi√≥n por la Reforma de la justicia, presentamos este t√≠tulo que co editamos con @_CLACSO  https://t.co/GM2m6ircaF",editorialunlp,83893557,2020-08-27,14:04:08,14,0,9,[],"[{'screen_name': '_clacso', 'name': 'clacso', 'id': '212297066'}]",False,,,,
1298722855245340673,1298722855245340673,"Paz Echeverr√≠a, docente e investigadora UNLP y parte del equipo de mediaci√≥n pedag√≥gica del manual ""De aqu√≠ para all√°""‚†Ä‚†Ä‚†Ä‚†Ä‚†Ä‚†Ä‚†Ä‚†Ä‚†Ä üìôOrgullo‚ú®Manual para primer grado que desde @Editorialunlp cedimos a @EducacionAR para el Programa @seguimoseduc  https://t.co/lUm8VJHZxY",editorialunlp,83893557,2020-08-26,17:43:52,4,0,3,[],"[{'screen_name': 'editorialunlp', 'name': 'editorial unlp', 'id': '83893557'}, {'screen_name': 'educacionar', 'name': 'ministerio de educaci√≥n de la naci√≥n argentina', 'id': '727258832121004033'}, {'screen_name': 'seguimoseduc', 'name': 'seguimoseducando', 'id': '303980445'}]",False,,,,
1298312873723285506,1298312873723285506,"Lanzamiento üöÄüìö  Graffitis, stencils, intervenciones, performances, p√°ginas web e im√°genes digitales. De las pr√°cticas inmersivas de Ala Pl√°stica, a los escraches de HIJOS, pasando por las acciones por la desaparici√≥n de J. J. L√≥pez.  https://t.co/HaAzD65dEO",editorialunlp,83893557,2020-08-25,14:34:45,2,0,3,[],[],False,,,,
1297892486308864000,1297892486308864000,"NUEVO LIBRO IMPERDIBLE Graffitis, stencils, intervenciones, performances, p√°ginas web e im√°genes digitales. De las pr√°cticas inmersivas de Ala Pl√°stica, a los escraches de HIJOS, pasando por las acciones online de LULI por la desaparici√≥n de J. J. L√≥pez.  https://t.co/Uyvp9yj2FO",editorialunlp,83893557,2020-08-24,10:44:17,4,0,2,[],[],False,,,,
1296235456129118208,1296235456129118208,Parte del manual que hicimos para primer grado  #educacionpublica  https://t.co/ckcGAXCzZW,editorialunlp,83893557,2020-08-19,20:59:50,7,0,3,['educacionpublica'],[],False,,,,
1296097582435962882,1296097582435962882,"Esta historia la escribimos entre todxs, vos tambi√©n sos parte! Particip√°! üëâüèΩUtiliz√° el hastag #TuHistoriaenlaUNLP  üëâüèΩCompart√≠ alg√∫n momento en @unlp  üëâüèΩPodes publicar una foto üì∏o contar una an√©cdotaüìù. Todas las publicaciones de Twitter se ver√°n en  https://t.co/2r9z1D9qda  https://t.co/yclvr4yhbG",editorialunlp,83893557,2020-08-19,11:51:58,4,0,0,['tuhistoriaenlaunlp'],"[{'screen_name': 'unlp', 'name': 'unlp', 'id': '183674248'}]",False,,,,
1295719818964983815,1295719818964983815,"LANZAMIENTO üöÄ üìö  Gesti√≥n Cultural, Turismo y Lazo Social  Descarga gratuita en @sedici_unlp  https://t.co/GOWVzFqZLr",editorialunlp,83893557,2020-08-18,10:50:52,0,0,1,[],"[{'screen_name': 'sedici_unlp', 'name': 'sedici - unlp', 'id': '112498897'}]",False,,,,
1294628641117286400,1294628641117286400,Parte del material que hicimos para primer grado y @EducacionAR  Educaci√≥n p√∫blica y gratuita siempre  https://t.co/DbYQJqxNZg,editorialunlp,83893557,2020-08-15,10:34:55,13,0,6,[],"[{'screen_name': 'educacionar', 'name': 'ministerio de educaci√≥n de la naci√≥n argentina', 'id': '727258832121004033'}]",False,,,,
1293518256469409795,1293518256469409795,"Pasaron 115 a√±os. Es mucho tiempo. Por eso, la @editorialunlp te invita a recordar los principales hitos y logros de la #UNLP. Un recorrido por la historia de nuestra casa de estudios la mano de sus protagonistas  https://t.co/eM1tnw5ep1",editorialunlp,83893557,2020-08-12,09:02:39,15,0,6,['unlp'],"[{'screen_name': 'editorialunlp', 'name': 'editorial unlp', 'id': '83893557'}]",False,https://twitter.com/unlp/status/1293517661276708867,,,
1293203010949177345,1293191642237689856,@BorgesMarceloJ Pod√©s encontrar nuestro cat√°logo en  https://t.co/zg9YcGmhoE,editorialunlp,83893557,2020-08-11,12:09:59,0,0,0,[],[],False,,,,
1293191642237689856,1293191642237689856,A partir de esta semana estaremos realizando env√≠os a domicilio de todos los libros que se encuentran en La Librer√≠a. M√°s de 100 editoriales universitarias e independientes Para m√°s informaci√≥n escribir a: libreriauniversitariaedulp@gmail.com o enviar inbox por redes sociales  https://t.co/yUZE1mFEIn,editorialunlp,83893557,2020-08-11,11:24:48,36,1,17,[],[],False,,,,
1292827581570523136,1292827581570523136,"¬øTe est√°s preparando para contar #TuHistoriaEnLaUNLP?   El mi√©rcoles cumplimos 115 a√±os y, este a√±o, nos quedamos en casa. Quedate siempre  #EnNuestraCasaDeEstudios  #LaUNLPcumple115üéÇ  @unlp @radioulaplata @TvUniversidad @Editorialunlp",editorialunlp,83893557,2020-08-10,11:18:09,2,0,1,"['tuhistoriaenlaunlp', 'ennuestracasadeestudios', 'launlpcumple115']","[{'screen_name': 'unlp', 'name': 'unlp', 'id': '183674248'}, {'screen_name': 'radioulaplata', 'name': 'radio unlp', 'id': '211310847'}, {'screen_name': 'tvuniversidad', 'name': 'tvu', 'id': '2834594517'}, {'screen_name': 'editorialunlp', 'name': 'editorial unlp', 'id': '83893557'}]",False,,,,
1290673141744893954,1290673141744893954,Orgullo. Lanzamiento de Manual para primer grado que desde @Editorialunlp cedimos a @EducacionAR para el Programa Seguimos Educando. M√°s de 400 p√°ginas de actividades y recursos que aportan a los primeros pasos del aprendizaje. Cuenta tambi√©n con ejercicios en audios.  https://t.co/TOfFpz3Yvb,editorialunlp,83893557,2020-08-04,12:37:11,18,0,6,[],"[{'screen_name': 'editorialunlp', 'name': 'editorial unlp', 'id': '83893557'}, {'screen_name': 'educacionar', 'name': 'ministerio de educaci√≥n de la naci√≥n argentina', 'id': '727258832121004033'}]",False,,,,
1280876118652960768,1280876030492839937,@CaminandoUnlp,editorialunlp,83893557,2020-07-08,11:47:18,0,0,0,[],[],False,,,,
1276516847576326144,1276516847576326144,"Desde EEUU nos llega la triste noticia del fallecimiento del querido David William Foster, pionero en estudios de g√©nero. Acab√°bamos de editar este libro suyo, y habiamos decidido con el lanzarlo despu√©s de la pandemia. No llegamos. Por suerte pudo verlo y estaba feliz  https://t.co/fgr2dQB6MI",editorialunlp,83893557,2020-06-26,11:05:07,4,0,1,[],[],False,,,,
1276154970312712198,1276154970312712198,La escritora Leila Sucari recomienda ‚ÄúLa Venus de las pieles‚Äù de Leopold Von Sacher-Masoch una de nuestras #novedades de la Colecci√≥n de #ficci√≥n üî•  https://t.co/kb6CbNsoic,editorialunlp,83893557,2020-06-25,11:07:09,1,0,0,"['novedades', 'ficci√≥n']",[],False,,,,
1271845035575836680,1271845035575836680,Feliz d√≠a a todes les  escritoras y escritores. Gracias por poner su universo en nuestras manos.  https://t.co/gSDiM5qZlZ,editorialunlp,83893557,2020-06-13,13:41:00,3,0,0,[],[],False,,,,
1270731435868110854,1270731435868110854,LANZAMIENTO üöÄ üìö   Se dijo mucho sobre Harry Potter pero poco sobre sus lectores.  Las tensiones entre la cr√≠tica literaria y los estudios de recepci√≥n/practicas culturales en torno a las novelas.  https://t.co/aJ2SqNwx43,editorialunlp,83893557,2020-06-10,11:55:58,2,0,1,[],[],False,,,,
1270358113955336193,1270358113955336193,"Proyecto ùóßùóúùó°ùóßùóî ùóîùóñùó®ùó¶ùóßùóúùóñùóî nuestra Audioteca üìö‚†Ä Tomo I ùó©ùóºùó∞ùó≤ùòÄ ùó±ùó≤ ùóπùóÆ ùó∞ùóºùó∫ùòÇùóªùó∂ùó±ùóÆùó± Cuentos de autoras platenses le√≠dos en en castellano, yopar√°, idish, portugu√©s, ingl√©s e italiano.  https://t.co/lYhQggOQvM",editorialunlp,83893557,2020-06-09,11:12:31,4,0,3,[],[],False,,,,
1269996416488914950,1269996416488914950,LANZAMIENTO üöÄ üìö  Se dijo mucho sobre Harry Potter pero poco sobre sus lectores. Las tensiones entre la cr√≠tica literaria y los estudios de recepci√≥n/practicas culturales en torno a las novelas.  https://t.co/8xW34Dc3x7,editorialunlp,83893557,2020-06-08,11:15:15,1,0,1,[],[],False,,,,
1269685057863716864,1269685057863716864,Feliz d√≠a a todos los periodistas comprometidos con la realidad  https://t.co/tTU1PiNirb,editorialunlp,83893557,2020-06-07,14:38:02,6,0,3,[],[],False,,,,
1268886594922176514,1268886594922176514,"El libro de @jotagiglio que editamos en @AgenciaTelam : ""Escribir la propia infancia hizo que las cosas fueran menos dram√°ticas""  https://t.co/o2T1ehU9CD",editorialunlp,83893557,2020-06-05,09:45:13,3,0,0,[],"[{'screen_name': 'jotagiglio', 'name': 'josefina giglioüíö', 'id': '139017974'}, {'screen_name': 'agenciatelam', 'name': 'agencia t√©lam', 'id': '208413101'}]",False,,,,
1268550960500129793,1268550960500129793,"Nuevo libro üìö  Derechos ind√≠genas y patrimonio cultural‚†Ä‚†Ä‚†Ä‚†Ä‚†Ä‚†Ä‚†Ä‚†Ä‚†Ä M√°s actual que nunca, est√° compilaci√≥n piensa el patrimonio cultural en America Latina, donde las demandas de los pueblos ind√≠genas se han traducido en significativos avances en la normativa.  https://t.co/3rZ8MomJjd",editorialunlp,83893557,2020-06-04,11:31:32,7,0,1,[],[],False,,,,
1267503065000804352,1267503065000804352,Autoras que siguen cont√°ndonos sus experiencias y reflexiones a partir de la publicaci√≥n de materiales educativos a trav√©s de nuestra colecci√≥n de Libros de C√°tedra üì¢  https://t.co/S3AO2ZmA9g,editorialunlp,83893557,2020-06-01,14:07:34,1,0,1,[],[],False,,,,
1266029130761601024,1266029130761601024,Lanzamiento y presentaci√≥n virtual hoy a las 18 hs en el Instagram del autor  https://t.co/LditfTGUoI,editorialunlp,83893557,2020-05-28,12:30:41,1,0,0,[],[],False,,,,
1265269472195158018,1265269472195158018,"ÔøºTINTA AC√öSTICA  Lanzamos un proyecto de audioteca, con acceso libre y gratuito. En el TomoI, cuentos de autoras platenses le√≠dos en en castellano, yopar√°, idish, portugu√©s, ingl√©s e italiano. Coordinan este proyecto Susana Vaquero y Alicia Paroni  https://t.co/sEJcj54sxs  https://t.co/UcP3GxjURn",editorialunlp,83893557,2020-05-26,10:12:04,1,0,1,[],[],False,,,,
1263090329311477761,1263090329311477761,La novela de @jotagiglio en esta nota impresionante de @hindelita para @infobae,editorialunlp,83893557,2020-05-20,09:52:56,2,0,0,[],"[{'screen_name': 'jotagiglio', 'name': 'josefina giglioüíö', 'id': '139017974'}, {'screen_name': 'hindelita', 'name': 'hindelita', 'id': '49697215'}, {'screen_name': 'infobae', 'name': 'infobae', 'id': '69416519'}]",False,https://twitter.com/infobaecultura/status/1262956728884363265,,,
1262405551385907200,1262405551385907200,"üì¢ Nuevo lanzamiento üì¢ ¬øEn qu√© medida el testimonio sobre la historia reciente, producido en la caldera del Cono Sur, redefine al g√©nero? ¬øPodemos hablar de un giro en las escrituras testimonios de Am√©rica Latina que ahora se enuncian desde la matriz de los derechos humanos?  https://t.co/nlcqqV4d45",editorialunlp,83893557,2020-05-18,12:31:52,1,0,1,[],[],False,,,,
1261885345672593410,1261877060659798017,@Sissiw2310 @sigloxxiarg @RoFerrerIlustra @221radio @ChirimboteEd @KokoroLibros @librosmendel @AnagramaEditor @almacendelibros @pagina12 @CuspideLibrosOK @LibreriaRayuela Podemos hacer una donaci√≥n,editorialunlp,83893557,2020-05-17,02:04:45,11,2,0,[],[],False,,,,
1261722652944859136,1261722652944859136,Adelanto de la novela de @jotagiglio que editamos justo antes de la cuarentena,editorialunlp,83893557,2020-05-16,15:18:16,3,0,0,[],"[{'screen_name': 'jotagiglio', 'name': 'josefina giglioüíö', 'id': '139017974'}]",False,https://twitter.com/LaAgendaBA/status/1261675708327354372,,,
1261315139057434626,1261315139057434626,D√≠a de Refugio Digital y este libro de @cbernazza para descargar de manera gratuita !   Link üëáüèº  https://t.co/Z2A6CAecIv  https://t.co/y9s6TIIGNH,editorialunlp,83893557,2020-05-15,12:18:57,0,0,0,[],"[{'screen_name': 'cbernazza', 'name': 'claudia bernazza', 'id': '193406126'}]",False,,,,
1259911137849737216,1259905043211399170,@cbernazza,editorialunlp,83893557,2020-05-11,15:19:57,1,0,0,[],[],False,,,,
1259905043211399170,1259905043211399170,"LANZAMIENTO üöÄ üìö  Este libro recorre geograf√≠as y hechos sucedidos en la ciudad de La Plata, en el conurbano bonaerense y en un extenso viaje por el continente americano. El libro visita tambi√©n una historia familiar que se reconstruye en una aldea ucraniana. Descarga gratuita  https://t.co/G4dHFlrFKM",editorialunlp,83893557,2020-05-11,14:55:44,12,2,6,[],[],False,,,,
1257763511142436865,1257763511142436865,"Marcela Oyhandy habla de su libro ‚ÄúDe este lado de los pobres‚Äù, nuestro nuevo t√≠tulo  https://t.co/e3WOSafReE",editorialunlp,83893557,2020-05-05,17:06:03,4,0,1,[],[],False,,,,
1257346137566195712,1257346137566195712,"LANZAMIENTO üöÄ üìö  Lejos de las perspectivas que relacionan los movimientos sociales  con populismos,  clientelismos, o intercambios de favores exclusivamente, este libro plantea las transformaciones sociales a partir de la integraci√≥n de los sectores populares.  https://t.co/BQzq5Yd3lY",editorialunlp,83893557,2020-05-04,13:27:34,1,0,0,[],[],False,,,,
1255924255331627013,1255924255331627013,"A 43 a√±os de la primera marcha de las Madres de Plaza de Mayo, 4 libros para descargar gratuitamente  Link en la p√°gina de la Asociaci√≥n  https://t.co/jlivTQvhgz",editorialunlp,83893557,2020-04-30,15:17:31,15,0,8,[],[],False,,,,
1253709421378666497,1253709421378666497,Liberamos ‚ÄúEl mundo es un pa√±uelo‚Äù el libro que relata los viajes de las Madres de Plaza de Mayo alrededor del mundo para internacionalizar la causa de #memoriaverdadyjusticia  Disponible en el sitio de Madres  https://t.co/EiMn9Mk8np,editorialunlp,83893557,2020-04-24,12:36:33,2,0,1,['memoriaverdadyjusticia'],[],False,,,,
1251154304494272515,1251154304494272515,ATENCI√ìN ! Liberamos la Colecci√≥n de Madres de Plaza de Mayo que tuvimos el honor de editar. Con documentos nunca antes vistos de su archivo y las fotos inolvidables de sus lucha.  Disponibles para descarga gratuita en la web de Madres  https://t.co/3eM0fQd9pY,editorialunlp,83893557,2020-04-17,11:23:26,20,0,13,[],[],False,,,,
1248985481620185089,1248985481620185089,Hoy en @LaAgendaBA un fragmento de ‚ÄúLa Venus de las pieles‚Äù que editamos desde @Editorialunlp  https://t.co/IRNCdpz7Qd,editorialunlp,83893557,2020-04-11,11:45:18,4,0,1,[],"[{'screen_name': 'laagendaba', 'name': 'laagendaba', 'id': '2924722536'}, {'screen_name': 'editorialunlp', 'name': 'editorial unlp', 'id': '83893557'}]",False,,,,
1248743313273913346,1248743313273913346,Ahora si ! Modo Mata Moda liberado para descarga gratuita !  üëáüèº  https://t.co/hZsSEkuh23  https://t.co/yUh5IS8gim,editorialunlp,83893557,2020-04-10,19:43:01,4,0,2,[],[],False,,,,
1248632348867993602,1248632348867993602,"Mar√≠a Jos√© Gabin, integrante del m√≠tico grupo Gambas al Ajillo recomienda Modo Mata Moda , donde hay un capitul√≥ dedicado a ellas. A las 19 lo liberamos en todas las redes de@@Editorialunlp  https://t.co/Vt7lHKXNah",editorialunlp,83893557,2020-04-10,12:22:05,2,0,0,[],[],False,,,,
1245880503355531264,1245880503355531264,"@martadillon escribi√≥ este libro cuando las pandemias no eran televisadas. Ahora lo liberamos como quien arroja una botella al mar, esperando que quien lo encuentre se sienta menos solo  Link de descarga gratuita üëáüèº  https://t.co/o4JE85djdb  https://t.co/0eN8t790O6",editorialunlp,83893557,2020-04-02,22:07:13,3,0,2,[],[],False,,,,
1245707632616316929,1245707632616316929,Otro aniversario de Malvinas y un nuevo t√≠tulo realizado por chicos y chicas de entre 9 y 14 a√±os q dan otra pelea: contra el consumo de drogas. La iniciativa se dio en el marco del Taller de Arte del CAAC (Centro de Atenci√≥n y Acompa√±amiento Comunitario)-Dispositivo de SEDRONAR.  https://t.co/LbbOwoah2V,editorialunlp,83893557,2020-04-02,10:40:18,1,0,1,[],[],False,,,,
1245409053011918849,1245409053011918849,"En v√≠speras del aniversario de Malvinas, compartimos este nuevo t√≠tulo realizado por chicos y chicas de entre 9 y 14 a√±os que dan otra pelea: contra el consumo de drogas. Lo produjo el Taller de Arte del CAAC (Centro de Atenci√≥n y Acompa√±amiento ComunitarioDispositivo de SEDRONAR  https://t.co/pDhnHN3xn6",editorialunlp,83893557,2020-04-01,14:53:51,2,0,1,[],[],False,,,,
1244684020060913671,1244684020060913671,": üì¢ ùóñùó¢ùó°ùó©ùó¢ùóñùóîùóßùó¢ùó•ùóúùóî Del 16 de marzo al 17 de abril Invitamos a los equipos docentes de todas las facultades y colegios de la UNLP a producir textos de apoyo para fortalecer la ense√±anza de sus materias, en soporte digital y con descarga libre y gratuita  https://t.co/ZsgzTUOdMK",editorialunlp,83893557,2020-03-30,14:52:50,3,0,1,[],[],False,,,,
1242966377901764608,1242966377901764608,"Hoy se cumplen seis a√±os desde el  d√≠a que Effy nos dejo llenos de preguntas.  Te compartimos en b√≠o el link para descargar ‚ÄúQue el mundo tiemble‚Äù, el libro que editamos y que compila su obra.   https://t.co/vUUheQOfKr  https://t.co/PqkPbbpHU3",editorialunlp,83893557,2020-03-25,21:07:32,6,0,2,[],[],False,,,,
1242446377260630019,1242446377260630019,"Desde el comienzo supimos que sin una colecci√≥n de Derechos Humanos nuestro cat√°logo no ten√≠a sentido . Memoria, Verdad y Justicia. Hoy y siempre. #24m #memoriaverdadyjusticia #nuncamas #fueron30000  https://t.co/5UgkcwlsA9",editorialunlp,83893557,2020-03-24,10:41:14,15,0,5,"['24m', 'memoriaverdadyjusticia', 'nuncamas', 'fueron30000']",[],False,,,,
1241036789038678016,1241036789038678016,Ac√° el link para descarga libre del material que hicimos para chicxs sobre el Coronavirus  https://t.co/l1dFI1g0zm  #QuedateEnCasa,editorialunlp,83893557,2020-03-20,13:20:02,0,0,2,['quedateencasa'],[],False,,,,
1240813812531544064,1240803091349409793,@CINoficial,editorialunlp,83893557,2020-03-19,22:34:00,1,0,0,[],[],False,,,,
1240803091349409793,1240803091349409793,"En el marco de la colecci√≥n destinada a pre adolescentes, desde @Editorialunlp hicimos este material de descarga gratuita  para concientizar a lxs chicxs  Contiene c√≥digos QR que te llevan a los videos producidos por el @msalnacion y expertos de @unlp #somosresponsables  https://t.co/yzctfvk4JC",editorialunlp,83893557,2020-03-19,21:51:24,18,1,10,['somosresponsables'],"[{'screen_name': 'editorialunlp', 'name': 'editorial unlp', 'id': '83893557'}, {'screen_name': 'msalnacion', 'name': 'ministerio de salud de la naci√≥n', 'id': '144929758'}, {'screen_name': 'unlp', 'name': 'unlp', 'id': '183674248'}]",False,,,,
1239293159118700546,1239293159118700546,"Hoy en @LANACION la pol√≠tica de libre acceso y descarga gratuita de la @Editorialunlp  Un cat√°logo con ficci√≥n, divulgaci√≥n cient√≠fica y materiales infantiles para los d√≠as de cuarentena   https://t.co/Ti2iGBBw77",editorialunlp,83893557,2020-03-15,17:51:28,4,0,6,[],"[{'screen_name': 'lanacion', 'name': 'la nacion', 'id': '33989170'}, {'screen_name': 'editorialunlp', 'name': 'editorial unlp', 'id': '83893557'}]",False,,,,
1236987507822247939,1236987507822247939,#Comunicado Trabajadoras de medios p√∫blicos universitarios.  Hoy #NosotrasParamos üñêüèº #9M  https://t.co/upmj6DAdno,editorialunlp,83893557,2020-03-09,09:09:38,2,0,1,"['comunicado', 'nosotrasparamos', '9m']",[],False,,,,
1236661685726969856,1236661685726969856,"Escucharlas, visibilizarlas y publicar sus demandas es nuestro compromiso. Hoy y siempre #8M #NiUnaMenos  https://t.co/I3oT4UpCuK",editorialunlp,83893557,2020-03-08,11:34:56,7,0,2,"['8m', 'niunamenos']",[],False,,,,
1236037864846233605,1236037864846233605,#Comunicado Trabajadoras de medios p√∫blicos universitarios.  Este Lunes #NosotrasParamos üñêüèº #8M  https://t.co/tT1HVtnimj,editorialunlp,83893557,2020-03-06,18:16:06,4,0,1,"['comunicado', 'nosotrasparamos', '8m']",[],False,,,,
1235238215466049536,1235237247978479616,@CaminandoUnlp üëèüèªüëèüèªüëèüèªüëèüèª,editorialunlp,83893557,2020-03-04,13:18:34,1,0,0,[],[],False,,,,
1235211897810669568,1235211897810669568,"""...parada frente a m√≠ se sac√≥ el pulover de cuello alto, la camisa, el corpi√±o que las luchas antiimperialistas todav√≠a no hab√≠an desterrado y se qued√≥ desnuda con los pezones duros: era julio y en mi pieza no hab√≠a estufa"" NOVEDAD üî• ‚ÄúYo la quise‚Äù de @jotagiglio  https://t.co/YvdJDaUaSh",editorialunlp,83893557,2020-03-04,11:34:00,11,0,1,[],"[{'screen_name': 'jotagiglio', 'name': 'josefina giglioüíö', 'id': '139017974'}]",False,,,,
1234826715567984640,1234826715567984640,Le damos la bienvenida al Grupo Planeta @PlanetaLibrosAr a La Librer√≠a de EDULP !üí•ü™ê üìçA partir de ahora podes encontrar los t√≠tulos de sus 35 sellos en el Edificio S. Karakachoff üìö  https://t.co/jcvlQFY8lY,editorialunlp,83893557,2020-03-03,10:03:25,7,0,1,[],"[{'screen_name': 'planetalibrosar', 'name': 'planeta de libros argentina üá¶üá∑', 'id': '67484180'}]",False,,,,
1234470023592337411,1234470023592337411,"üí• Primera novedad del a√±o y la bienvenida de Josefina Giglio a nuestra editorialüí• Josefina Giglio no es una ""H.I.J.A."" que tiene una historia para contar. Es una escritora de largas y exquisitas lecturas que produce una ficci√≥n √∫nica con materiales autobiogr√°ficos.  https://t.co/kVbTjV4yla",editorialunlp,83893557,2020-03-02,10:26:03,5,0,1,[],[],False,,,,
1233394034187624449,1233394034187624449,Nota sobre el libro de Jos√© Maristany hoy en suplemento SOY de @pagina12   https://t.co/kVhAiTqOW9,editorialunlp,83893557,2020-02-28,11:10:27,0,0,0,[],"[{'screen_name': 'pagina12', 'name': 'p√°gina|12', 'id': '775474080715767808'}]",False,,,,
1230859536745013256,1230859536745013256,üì¢ Liberamos el primer libro del Refugio Digital: Sobre la despenalizaci√≥n del aborto de Daniel Busdygan ‚úî link de descarga   https://t.co/5tVM375NZH  https://t.co/3efSmaojWP,editorialunlp,83893557,2020-02-21,11:19:16,1,0,2,[],[],False,,,,
1230117097327427585,1230117097327427585,Arrancamos el #19F con uno de nuestros t√≠tulos sobre la despenalizaci√≥n del aborto. El viernes lo liberamos para que que todes lo puedan descargar de manera gratuita.  https://t.co/8j3SX8sQLS,editorialunlp,83893557,2020-02-19,10:09:05,12,0,4,['19f'],[],False,,,,
1229762490428461056,1229762490428461056,"A d√≠as de la apertura de las sesiones legislativas, volvemos a las plazas de nuestra ciudad y de todo el pa√≠s. #AbortoLegal2020 #SeraLey  https://t.co/0d2a8ljWYc",editorialunlp,83893557,2020-02-18,10:40:00,16,0,2,"['abortolegal2020', 'seraley']",[],False,,,,
1228743159326310402,1228743159326310402,"El pr√≥ximo mi√©rcoles se presenta ‚ÄúEl conocimiento Hereje. Una historia de Wikipedia‚Äù, escrito por el Secretario General de la UNLP @patriciolorente  Los esperamos  https://t.co/wOmaoFfaF8",editorialunlp,83893557,2020-02-15,15:09:32,24,0,8,[],"[{'screen_name': 'patriciolorente', 'name': 'patricio lorente', 'id': '176746034'}]",False,,,,
1224343465229725696,1224343465229725696,Hoy volvemos a la editorial.  Tenemos unos t√≠tulos para este a√±o que no lo van a poder creer !  https://t.co/J2Vq2vcDPJ,editorialunlp,83893557,2020-02-03,11:46:43,4,0,0,[],[],False,,,,
1218182732771098624,1218182732771098624,"En el cumplea√±os del Indio Solari, compartimos la entrevista exclusiva que publicamos en ‚ÄúModo Mata Moda‚Äù hecha por Daniela Lucena y Gisela Laboureau Link  https://t.co/DIMlcjFUzd  https://t.co/ryRLc6GBAp",editorialunlp,83893557,2020-01-17,11:46:10,6,0,3,[],[],False,,,,
1217950310183972864,1217950310183972864,¬øQu√© est√°n leyendo este verano?  https://t.co/7IR6v5vMMN,editorialunlp,83893557,2020-01-16,20:22:37,6,3,1,[],[],False,,,,
1213839069995778048,1213821616850948098,"Sumamos tambi√©n una investigaci√≥n sobre Activismo Art√≠stico, un nuevo titulo sobre G√©nero  para pre adolescentes, un t√≠tulo de la colecci√≥n de Econom√≠a Pol√≠tica sobre el modelo econ√≥mico justicialista. Y as√≠ apenas arrancamos el a√±o, imag√≠nate todo lo que est√° por venir ...",editorialunlp,83893557,2020-01-05,12:06:00,2,0,1,[],[],False,,,,
1213821616850948098,1213821616850948098,Los libros de EDULP entre las novedades 2020 !,editorialunlp,83893557,2020-01-05,10:56:39,2,1,1,[],[],False,https://twitter.com/dangigena1/status/1213788663416578048,,,
1211816714280865792,1211816714280865792,Uno de los m√°s prestigioso cat√°logos acad√©micos de difusi√≥n de investigaciones en lengua espa√±ola seleccion√≥ ‚ÄúCultura y Costura‚Äù el libro de Daniela Lucena y Laura Zambrini que editamos este a√±o!  Felicidad !  https://t.co/C8E0uQOMG4,editorialunlp,83893557,2019-12-30,22:09:53,11,0,3,[],[],False,,,,
1211766169927143424,1211766169927143424,"Editorxs y escritorxs acompa√±amos hoy al presidente Alberto Fern√°ndez en el lanzamiento del Plan Nacional de Lectura, destinado a 10 millones de alumnos de los tres niveles.  El programa contempla que 180 textos literarios lleguen a las escuelas, 1 para cada d√≠a de clases.  https://t.co/XtD81k9KXD",editorialunlp,83893557,2019-12-30,18:49:03,10,0,1,[],[],False,,,,
1208397412152356866,1208397412152356866,Estos son algunos de los libros que publicamos este a√±o. Se suman a los m√°s de 50 t√≠tulos de la Colecci√≥n de C√°tedra. Gracias por confiar en nosotros. Buen 2020 !  https://t.co/VUZ7Uch5TO,editorialunlp,83893557,2019-12-21,11:42:48,8,0,3,[],[],False,,,,
1205480487021625344,1205480487021625344,"Felicitaciones a @EstelaDiaz63 flamante ministra provincial de Mujeres, Pol√≠ticas de G√©nero y Diversidad Sexual. Orgullosos de haber editado recientemente su libro sobre la articulaci√≥n entre Feminismo y Peronismo.  https://t.co/FgsSRg4VnM",editorialunlp,83893557,2019-12-13,10:31:59,7,0,0,[],[],False,,,,
1204035665681408000,1204035665681408000,"Con enorme alegr√≠a y orgullo lanzamos el primer libro infantil en versi√≥n braille. Una gu√≠a did√°ctica para comprender la evoluci√≥n de la vida en la Tierra, en la que se abordan tem√°ticas y actividades relacionadas a la paleontolog√≠a, el patrimonio y las ciencias naturales. #unlp  https://t.co/yVabVstWvN",editorialunlp,83893557,2019-12-09,10:50:47,22,1,5,['unlp'],[],False,,,,
1201948927769108480,1201948927769108480,"Hoy se celebra el D√≠a del M√©dico, propuesto por la Federaci√≥n M√©dica Argentina, a trav√©s del Profesor Remo Bergoglio en el Congreso Panamericano de 1953, en homenaje al doctor Carlos Finlay, un m√©dico cubano que descubri√≥ el papel del mosquito trasmisor de la fiebre amarilla.  https://t.co/OUAuiORBIa",editorialunlp,83893557,2019-12-03,16:38:50,2,0,2,[],[],False,,,,
1201848058625089537,1201848058625089537,Hoy en @fahce presentamos un nuevo t√≠tulo de la Colecci√≥n de G√©nero. Lxs esperamos !  https://t.co/wOSjPH9ix9,editorialunlp,83893557,2019-12-03,09:58:01,0,0,0,[],"[{'screen_name': 'fahce', 'name': 'fahce', 'id': '417973681'}]",False,,,,
1201156983908454400,1201156983908454400,En el D√≠a Mundial de la Lucha contra el VIH SIDA compartimos este libro de @martadillon que amamos editar ‚ÄúQue seamos felices. Y nos demos cuenta‚Äù #VIH #SIDA  https://t.co/SiD21dwvm1,editorialunlp,83893557,2019-12-01,12:11:56,1,0,0,"['vih', 'sida']","[{'screen_name': 'martadillon', 'name': 'marta dillon', 'id': '58524111'}]",False,,,,
1199763658684940288,1199763658684940288,Vegetal sobre ilustraci√≥n en el libro ‚ÄúSaber leer la arquitectura‚Äù que result√≥ ganador de la Convocatoria de la Secretar√≠a de Cultura de la Naci√≥n  https://t.co/35Yr6sWFc3,editorialunlp,83893557,2019-11-27,15:55:21,2,0,1,[],[],False,,,,
1199105386042863616,1199105386042863616,#ViolenciaMachista  #NiUnaMenos  https://t.co/ndU1JvmKtu,editorialunlp,83893557,2019-11-25,20:19:36,1,0,0,"['violenciamachista', 'niunamenos']",[],False,,,,
1198252887450750981,1198252887450750981,‚ÄúCostura y Cultura‚Äù hoy en @revistaenie  https://t.co/CgvPTwlUn4,editorialunlp,83893557,2019-11-23,11:52:05,3,0,1,[],"[{'screen_name': 'revistaenie', 'name': 'revista √±', 'id': '20455887'}]",False,,,,
1197879817275891715,1197879817275891715,Date una vuelta por este √≠ndice de ‚ÄúDesde el armario‚Äù y decime si no ir√≠as corriendo a buscar el libro.  https://t.co/TNAYdKEfan,editorialunlp,83893557,2019-11-22,11:09:38,4,0,2,[],[],False,,,,
1197476376900751360,1197476376900751360,"En el d√≠a donde alguien puede decidir, con su firma, sobre el cuerpo de las mujeres, lanzamos este nuevo t√≠tulo de la Colecci√≥n G√©nero de @Editorialunlp para recordarnos que estamos de pie en la lucha por un mundo m√°s justo #AbortoLegalSeguroyGratuito  #ILEYaEsDerecho  https://t.co/iYAdZ2blg4",editorialunlp,83893557,2019-11-21,08:26:30,6,0,3,"['abortolegalseguroygratuito', 'ileyaesderecho']","[{'screen_name': 'editorialunlp', 'name': 'editorial unlp', 'id': '83893557'}]",False,,,,
1193953210630848512,1193953210630848512,Desde @Editorialunlp decimos NO AL GOLPE EN BOLIVIA  https://t.co/rNFZ5cuZwr,editorialunlp,83893557,2019-11-11,15:06:42,19,0,5,[],"[{'screen_name': 'editorialunlp', 'name': 'editorial unlp', 'id': '83893557'}]",False,,,,
1191712960537694208,1191712960537694208,"Nuevo üìö  Un cuadro de criminalizaci√≥n de pueblos ind√≠genas¬†se ha configurado recientemente en varios pa√≠ses de Latinoam√©rica. Contra la estigmatizacion, los habitantes originarios se levantan  en la defensa territorial y presentan propuestas de modelos alternativos de desarrollo  https://t.co/alEGwqjxQh",editorialunlp,83893557,2019-11-05,10:44:45,5,0,3,[],[],False,,,,
1191370533646032905,1191370533646032905,"Felicitaciones a Mariana Enr√≠quez, docente de nuestra UNLP, ganadora del Premio Herralde Novela.",editorialunlp,83893557,2019-11-04,12:04:04,3,0,1,[],[],False,https://twitter.com/Zivals/status/1191321536596234240,,,
1190250437817044992,1190250437817044992,Lanzamos este libro en edici√≥n biling√ºe en conjunto con H.I.J.O.S. Francia y pr√≥logo de Estela de Carlotto. Decidimos hacerlo de descarga gratuita para que circule en todo el mundo y llegue aquellas personas que tienen dudas sobre su identidad. @abuelasdifusion  https://t.co/U6CH9bAgaT,editorialunlp,83893557,2019-11-01,09:53:12,4,0,1,[],"[{'screen_name': 'abuelasdifusion', 'name': 'abuelas plaza mayo', 'id': '182644738'}]",False,,,,
1189203652914888706,1189203652914888706,"LANZAMIENTO üìö ‚ÄúHoy Wanda recogi√≥ en un gesto repentino su sombrero y chal y me pidi√≥ que la acompa√±ara al bazaar. All√≠ orden√≥ que le mostraran algunos l√°tigos.Despu√©s de mucho buscar, Wanda eligi√≥ un l√°tigo que me produjo una impresi√≥n ominosa.‚Äù  https://t.co/2pHfJyHjmo",editorialunlp,83893557,2019-10-29,12:33:39,5,0,1,[],[],False,,,,
1187438734297489408,1187438734297489408,"En d√≠as convulsionados para la regi√≥n, lanzamos un nuevo t√≠tulo con testimonios de √Ålvaro Garc√≠a Linera; Jorge Taiana; Alicia Castro; Gabriela Rivadeneira; Eugenio Ra√∫l Zaffaroni y Piedad C√≥rdoba entre otros  https://t.co/Kv720eLE3R",editorialunlp,83893557,2019-10-24,15:40:30,4,0,1,[],[],False,,,,
1184168563491381249,1184168563491381249,Les dijimos que las novedades octubre eran una bomba? üìö  Sade y Masoch designaron con sus nombres dos perversiones b√°sicas y nos recordaron que las enfermedades son denominadas m√°s por sus s√≠ntomas que por sus causas  https://t.co/kqgqvWOKbR,editorialunlp,83893557,2019-10-15,15:06:00,4,0,0,[],[],False,,,,
1183050637245702146,1183050637245702146,En el marco del Encuentro Nacional de Mujeres presentamos este nuevo t√≠tulo. MIAA (Mapa Interactivo del Acoso y el Abuso)  #encuentrodemujeres #feminismo #urbanismo #arquitectura  https://t.co/hp1MVVkoEB,editorialunlp,83893557,2019-10-12,13:03:46,11,0,3,"['encuentrodemujeres', 'feminismo', 'urbanismo', 'arquitectura']",[],False,,,,
1182269041211301888,1182269041211301888,En el marco del Encuentro Nacional de Mujeres presentamos este nuevo t√≠tulo pensado por una colectiva de arquitectas üë©üèª‚Äçüè≠üí™üèª #encuentronacionaldemujeres #feminismo #urbanismo  https://t.co/4fMkmc6BwO,editorialunlp,83893557,2019-10-10,09:17:59,0,0,1,"['encuentronacionaldemujeres', 'feminismo', 'urbanismo']",[],False,,,,
1177597006627463172,1177597006627463172,"Presentamos ‚ÄúExtensi√≥n Universitaria: rupturas y continuidades‚Äù junto al Presidente de la UNLP, @tauberfernando , y el Secretario de Extensi√≥n, Leandro Quiroga.  https://t.co/aXesMybv2d",editorialunlp,83893557,2019-09-27,11:52:59,3,0,0,[],"[{'screen_name': 'tauberfernando', 'name': 'fernando tauber', 'id': '715248588637470720'}]",False,,,,
1177367525681762305,1176110018023841795,@charlytripa Hola ! La librer√≠a est√° abierta de 10 a 18 hs. Se puede comparar con todos los medios de pago,editorialunlp,83893557,2019-09-26,20:41:07,0,0,0,[],[],False,,,,
1176110018023841795,1176110018023841795,"LANZAMIENTO üìö  El orden simb√≥lico de una sociedad; la construcci√≥n del g√©nero; la desigualdad social; la singularidad y la seriaci√≥n, todos estos temas y m√°s en un libro necesario para pensar la complejidad de algo  tan frivolizado como cotidiano.  https://t.co/bc9DuY21gn",editorialunlp,83893557,2019-09-23,09:24:14,1,0,0,[],[],False,,,,
1176108877445644288,1176108877445644288,"LANZAMIENTO üìö  El orden simb√≥lico de una sociedad; la construcci√≥n del g√©nero; la desigualdad social; la singularidad y la seriaci√≥n, todos estos temas y m√°s en un libro necesario para pensar la complejidad de algo  tan frivolizado como cotidiano.  https://t.co/PSAyfm4S6a",editorialunlp,83893557,2019-09-23,09:19:42,4,0,2,[],[],False,,,,
1174657234732748800,1174657234732748800,Hoy nuestros Atlas de la Poes√≠a Argentina se presentan en la Librer√≠a Cien Fuegos de Paris.  Merecida circulaci√≥n internacional de estos trabajos monumentales compilados por Eugenia Straccali y Bruno Crisorio  https://t.co/gq7XLp9hV2,editorialunlp,83893557,2019-09-19,09:11:23,4,0,3,[],[],False,,,,
1174319366449577984,1174319366449577984,13 a√±os sin Julio L√≥pez. A cu√°nto te pod√©s acostumbrar?  #JULIOLOPEZ #memoria #Verdad #Justicia  https://t.co/Ctr7ubwpoI,editorialunlp,83893557,2019-09-18,10:48:49,7,0,3,"['juliolopez', 'memoria', 'verdad', 'justicia']",[],False,,,,
1174286005056286720,1174286005056286720,Los esperamos hoy en nuestro stand de #ExpoUNLP  https://t.co/uMgtrH3S9l,editorialunlp,83893557,2019-09-18,08:36:15,6,0,3,['expounlp'],[],False,,,,
1172482266129403904,1172482266129403904,Ayer presentamos ‚ÄúFeminismo y Peronismo‚Äù nuestro nuevo t√≠tulo de la Colecci√≥n de G√©nero. Gracias a las compa√±eras que participaron de este panel de lujo @EstelaDiaz63 @CrisAlvarezRod @vtolosapaz y @fsaintout  https://t.co/Q6C9oVyTHa,editorialunlp,83893557,2019-09-13,09:08:50,6,0,2,[],"[{'screen_name': 'crisalvarezrod', 'name': 'cristina alvarez rodr√≠guez', 'id': '267960594'}, {'screen_name': 'vtolosapaz', 'name': 'victoria tolosa paz', 'id': '244356927'}, {'screen_name': 'fsaintout', 'name': 'florencia saintout', 'id': '878235842'}]",False,,,,
1171943433386283009,1171943433386283009,@CrisAlvarezRod saluda el lanzamiento de ‚ÄúFeminismo y Peronismo‚Äù  Ma√±ana lo presentamos a las 18 en 3 entre 41 y 42  https://t.co/zXS9DswFcu,editorialunlp,83893557,2019-09-11,21:27:42,2,0,0,[],[],False,,,,
1171851049059201025,1171851049059201025,Ma√±ana celebramos las conquistas y tomamos fuerza para las batallas por venir  @CrisAlvarezRod @fsaintout @vtolosapaz  https://t.co/KRdehnDZp6,editorialunlp,83893557,2019-09-11,15:20:36,5,0,2,[],"[{'screen_name': 'crisalvarezrod', 'name': 'cristina alvarez rodr√≠guez', 'id': '267960594'}, {'screen_name': 'fsaintout', 'name': 'florencia saintout', 'id': '878235842'}, {'screen_name': 'vtolosapaz', 'name': 'victoria tolosa paz', 'id': '244356927'}]",False,,,,
1171527720670334977,1171527720670334977,Los y las esperamos el jueves para presentar nuestro nuevo t√≠tulo de la Colecci√≥n de G√©nero  https://t.co/VnQbsAPsEN,editorialunlp,83893557,2019-09-10,17:55:49,5,0,0,[],[],False,,,,
1171484374853799936,1171483209357377536,@CrisAlvarezRod  @vtolosapaz @fsaintout,editorialunlp,83893557,2019-09-10,15:03:34,0,0,0,[],"[{'screen_name': 'vtolosapaz', 'name': 'victoria tolosa paz', 'id': '244356927'}, {'screen_name': 'fsaintout', 'name': 'florencia saintout', 'id': '878235842'}]",False,,,,
1171051806299951105,1171051806299951105,Este jueves presentamos Feminismo y Peronismo con un panel de lujo @magariovero @fsaintout y @CrisAlvarezRod  https://t.co/bOZafhcHJy,editorialunlp,83893557,2019-09-09,10:24:42,108,4,42,[],"[{'screen_name': 'magariovero', 'name': 'ver√≥nica magario', 'id': '1584076484'}, {'screen_name': 'fsaintout', 'name': 'florencia saintout', 'id': '878235842'}, {'screen_name': 'crisalvarezrod', 'name': 'cristina alvarez rodr√≠guez', 'id': '267960594'}]",False,,,,
1169317943030755328,1169317943030755328,"Estela D√≠az , la compiladora de ‚ÄúFeminismo y Peronismo‚Äù , nos habla del libro que acabamos de editar y que presentamos la semana que viene  https://t.co/YRnZRxL6DA",editorialunlp,83893557,2019-09-04,15:34:57,5,0,1,[],[],False,,,,
1168973182117863425,1168973182117863425,El libro Feminismo y Peronismo compilado por Estela D√≠az incluye un p√≥ster desplegable con las principales fechas que conmemoran a la mujer a lo largo de la historia argentina  https://t.co/z32Kyf8Ju3,editorialunlp,83893557,2019-09-03,16:44:59,9,0,2,[],[],False,,,,
1168602284697235460,1168602284697235460,"LANZAMIENTO ""Feminismo y Peronismo""  Aqu√≠ se presentan disociados e incluso hay un imaginario que los ubica directamente como contradictorios. Revisa los principales hitos pol√≠ticos y sociales, desde Evita hasta¬†las principales figuras y hechos emblem√°ticos de nuestra historia.  https://t.co/Du9OMC7SMc",editorialunlp,83893557,2019-09-02,16:11:10,14,0,3,[],[],False,,,,
1168306158815326208,1168306158815326208,Termina el fin de semana. Leyeron mucho ?  Ma√±ana lanzamos novedades ...  https://t.co/4JHwKyxyDe,editorialunlp,83893557,2019-09-01,20:34:28,7,0,2,[],[],False,,,,
1167043276580503553,1167043276580503553,"Se vienen nuevos t√≠tulos que la rompen ... De ac√° a fin de a√±o, no paramos de sacar bombas Pronto novedades  https://t.co/EubehBI3vm",editorialunlp,83893557,2019-08-29,08:56:14,6,0,0,[],[],False,,,,
1166081439244398593,1166081439244398593,Un d√≠a como hoy cumplir√≠a a√±os el gran escritor Julio Cort√°zar  https://t.co/TbUsT6A0rQ,editorialunlp,83893557,2019-08-26,17:14:14,8,0,4,[],[],False,,,,
1165304399318663168,1165304399318663168,Feliz d√≠a a todxs lxs lectorxs #lectura #libros #lectores #books  https://t.co/uva2I0wyoh,editorialunlp,83893557,2019-08-24,13:46:33,5,0,0,"['lectura', 'libros', 'lectores', 'books']",[],False,,,,
1164941403174113280,1164941403174113280,Nuevo libro para entender las complejidades de un pa√≠s que arde . Descarga gratuita en @sedici_unlp #BrasilUrgente  https://t.co/MqxRcp8CX6,editorialunlp,83893557,2019-08-23,13:44:08,0,0,0,['brasilurgente'],"[{'screen_name': 'sedici_unlp', 'name': 'sedici - unlp', 'id': '112498897'}]",False,,,,
1164899053639016451,1164899053639016451,"M√°s actual que nunca, este libro de @sigloxxiarg desmonta la farsa de un discurso pol√≠tico que prometi√≥ paz, gesti√≥n eficaz y estabilidad. Lo podes encontrar en nuestra librer√≠a  https://t.co/YtQ5PCWzEp",editorialunlp,83893557,2019-08-23,10:55:51,2,0,2,[],"[{'screen_name': 'sigloxxiarg', 'name': 'siglo xxi editores', 'id': '395515726'}]",False,,,,
1164652759603433475,1164615563605209088,@universidata @radioulaplata @TvUniversidad Bienvenidos vecinos !,editorialunlp,83893557,2019-08-22,18:37:10,2,0,1,[],[],False,,,,
1164160682390106113,1164160682390106113,LANZAMIENTO üìö  ¬øPuede el discurso emancipador del Feminismo atravesar las paredes de las instituciones de salud mental?  Desaf√≠os y tensiones alrededor de un tema del que pocos se animan a hablar  https://t.co/4miRMyf2l8,editorialunlp,83893557,2019-08-21,10:01:50,10,1,3,[],[],False,,,,
1163889373131300870,1163889373131300870,Acercate a la librer√≠a de la editorial para conocer lo nuevo de @chirimboteEd  https://t.co/IRqLX2mzpy,editorialunlp,83893557,2019-08-20,16:03:45,7,0,0,[],"[{'screen_name': 'chirimboteed', 'name': 'editorial chirimbote', 'id': '3740066422'}]",False,,,,
1162727897439842305,1162727715474235393,@ampicri @facundoabal Gracias @ampicri,editorialunlp,83893557,2019-08-17,11:08:27,0,0,0,[],"[{'screen_name': 'ampicri', 'name': 'amparo crivos', 'id': '209336512'}]",False,,,,
1159125083790684160,1159125083790684160,"A d√≠as de las elecciones, les recomendamos este t√≠tulo de @KatzEditores  Lo pueden encontrar en nuestra librer√≠a !  https://t.co/dHIGZ7TSY8",editorialunlp,83893557,2019-08-07,12:32:10,2,0,0,[],"[{'screen_name': 'katzeditores', 'name': 'katz editores', 'id': '174279916'}]",False,,,,
1158553806499647491,1158553806499647491,"En d√≠as de gauchos vs veganos, tres t√≠tulos de @sigloxxiarg para pensar las tensiones del campo argentino.  Los pod√©s encontrar en nuestra librer√≠a!  https://t.co/cZVr2FwmcW",editorialunlp,83893557,2019-08-05,22:42:07,8,0,2,[],"[{'screen_name': 'sigloxxiarg', 'name': 'siglo xxi editores', 'id': '395515726'}]",False,,,,
1156585171019341824,1156585171019341824,Siguen de vacaciones? Aprovechen para leer ! Nuestra librer√≠a est√° abierta ...  https://t.co/mXg6AyBFA3,editorialunlp,83893557,2019-07-31,12:19:27,1,0,1,[],[],False,,,,
1153284482872614915,1153284482872614915,Por fin vacaciones de invierno para leer de corrido. Nuestra librer√≠a estar√° abierta de 10 a 15 hs. Hay novedades de todas las editoriales. Los esperamos !  https://t.co/hdCnL1b5SF,editorialunlp,83893557,2019-07-22,09:43:42,5,0,2,[],[],False,,,,
1151939251791114241,1151939251791114241,Hoy se cumplen 25 a√±os de aquel atentado a la AMIA que dej√≥ 85 muertos enmarcados en la m√°s cruel impunidad. Desde EDULP recordamos a las v√≠ctimas y decimos que sin justicia seguimos en el 94.  https://t.co/zrqW0rio0Q,editorialunlp,83893557,2019-07-18,16:38:14,5,0,0,[],[],False,,,,
1151250803467980800,1151250803467980800,"A partir de ahora se pueden encontrar los libros de la editorial @sigloxxiarg en nuestra librer√≠a ubicada en el edificio Karakachoff, de 10 a 18 hs  https://t.co/ElowRJkijj",editorialunlp,83893557,2019-07-16,19:02:35,7,0,1,[],"[{'screen_name': 'sigloxxiarg', 'name': 'siglo xxi editores', 'id': '395515726'}]",False,,,,
1149778195480293376,1149778195480293376,"Nos estamos yendo. Fueron 30 a√±os en esta casa que vio materializar tantos deseos de escritores, dise√±adores e ilustradores.  Desde la semana que viene los esperamos en nuestras nuevas oficinas del Centro Karakachoff  https://t.co/j38mzKjNSG",editorialunlp,83893557,2019-07-12,17:30:58,29,0,3,[],[],False,,,,
1149762352218300416,1149762352218300416,Probabilidades y estad√≠sticas: an√°lisis de datos Este libro intenta dar una introducci√≥n a las ideas b√°sicas de probabilidades y estad√≠stica.   https://t.co/PgcPQXwEz7  https://t.co/573YRqIFg2,editorialunlp,83893557,2019-07-12,16:28:00,2,0,0,[],[],False,,,,
1149750722948296704,1149750722948296704,"Concurso literiario para adultos mayores Para leer las Bases y Condiciones, ingresar en:  https://t.co/Qp6naGYNaN  https://t.co/nrqcPUXfNC",editorialunlp,83893557,2019-07-12,15:41:48,1,0,0,[],[],False,,,,
1149063949519851521,1149063949519851521,Podes encontrar estos t√≠tulos sobre feminismo en nuestra librer√≠a  https://t.co/JZsGYoxuv5,editorialunlp,83893557,2019-07-10,18:12:48,1,0,0,[],[],False,,,,
1146428536477102080,1146428536477102080,"Presentamos ‚ÄúLa pol√≠tica del detalle‚Äù, el libro de cuentos de Raquel Robles, y en Espacio Memoria ex Comisar√≠a 5ta  https://t.co/vIdR5k82zB",editorialunlp,83893557,2019-07-03,11:40:37,0,0,0,[],[],False,,,,
1145794648826400769,1145794648826400769,"Se suman 90 nuevos proyectos editoriales a la colecci√≥n de Libros de C√°tedra, de descarga libre y gratuita. En esta convocatoria, por primera vez las 17 facultades y cuatro colegios preuniversitarios participan de la iniciativa, que impulsamos desde 2011  https://t.co/9loEFrprKU",editorialunlp,83893557,2019-07-01,17:41:46,5,0,2,[],[],False,,,,
1143247638231474176,1143247638231474176,"Editoriales universitarias en tiempos de resistencia  En la edici√≥n del suplemento Universidad el diario P√°gina12 se realiz√≥ un informe donde explica que seg√∫n la C√°mara Argentina del Libro (CAL), ocho de cada diez editoriales bajaron sus ventas respecto al a√±o anterior.  https://t.co/MDxpXesaKJ",editorialunlp,83893557,2019-06-24,17:00:52,2,0,1,[],[],False,,,,
1143246953494585344,1143246953494585344,Hoy cumplir√≠a 108 a√±os Ernesto S√°bato  https://t.co/ufL7wrMpjS,editorialunlp,83893557,2019-06-24,16:58:08,3,0,0,[],[],False,,,,
1142163097278386176,1142163097278386176,"La cuesti√≥n social de la tributaci√≥n    La presente obra de los autores Mar√≠a Azul Lamoglie y Luis A. Menucci, se constituye desde la lozan√≠a de una perspectiva moderna y novedosa esbozando los cimientos de una Escuela Humanista del Derecho Tributario y las Finanzas P√∫blicas.  https://t.co/37n1oXdGFj",editorialunlp,83893557,2019-06-21,17:11:17,3,1,0,[],[],False,,,,
1141769832603488256,1141766890752217088,@VHMok @aleberco @odonnellmaria @Gatosylvestre @LiliLopezForesi @Sietecase @zlotomarcelo,editorialunlp,83893557,2019-06-20,15:08:35,0,0,0,[],"[{'screen_name': 'aleberco', 'name': 'alejandro bercovich', 'id': '149096668'}, {'screen_name': 'odonnellmaria', 'name': ""maria o' donnell"", 'id': '17337093'}, {'screen_name': 'gatosylvestre', 'name': 'gustavo sylvestre', 'id': '144801356'}, {'screen_name': 'lililopezforesi', 'name': 'liliana l√≥pez foresi', 'id': '1377191564'}, {'screen_name': 'sietecase', 'name': 'reynaldo sietecase', 'id': '190037399'}, {'screen_name': 'zlotomarcelo', 'name': 'marcelo zlotogwiazda', 'id': '893183421043834880'}]",False,,,,
1141766890752217088,1141766890752217088,Hoy en @pagina12 dando testimonio del arrasamiento del sector editorial Editoriales universitarias en tiempos de resistencia | INFORME  https://t.co/bvJZAS8JA7 v√≠a @Pagina12,editorialunlp,83893557,2019-06-20,14:56:54,3,1,1,[],"[{'screen_name': 'pagina12', 'name': 'p√°gina|12', 'id': '775474080715767808'}, {'screen_name': 'pagina12', 'name': 'p√°gina|12', 'id': '775474080715767808'}]",False,,,,
1139262424090140675,1139262424090140675,13 DE JUNIO - D√çA DEL ESCRITOR  https://t.co/ycF2SnEi4t,editorialunlp,83893557,2019-06-13,17:05:03,2,0,1,[],[],False,,,,
1138247908455800833,1138247908455800833,"En el d√≠a de la restituci√≥n del nieto 130, lanzamos un nuevo t√≠tulo en edici√≥n biling√ºe, junto con H.I.J.O.S. de Francia.  Del lado de la historia donde hay que estar.  https://t.co/IbHdVueaor",editorialunlp,83893557,2019-06-10,21:53:43,1,0,1,[],[],False,,,,
1137119696061382656,1137119696061382656,El Fahrenheit de Cambiemos | Un informe lapidario sobre la industria editorial  https://t.co/CtDoMfw0BT v√≠a @Pagina12,editorialunlp,83893557,2019-06-07,19:10:36,1,0,1,[],"[{'screen_name': 'pagina12', 'name': 'p√°gina|12', 'id': '775474080715767808'}]",False,,,,
1137079710754770950,1137079710754770950,Desde EDULP les deseamos feliz d√≠a a todxs aquellxs que ejercen esta hermosa profesi√≥n!  https://t.co/QEl4ZL6Iwl,editorialunlp,83893557,2019-06-07,16:31:43,4,0,0,[],[],False,,,,
1136630942519517184,1136630942519517184,"Hoy participaremos del Coloquio Internacional sobre diversidad sexuale en Rosario,  presentando dos de nuestros titulos. A las 1830 en @UNRoficial  https://t.co/r1nO4aeDyM",editorialunlp,83893557,2019-06-06,10:48:28,1,0,1,[],"[{'screen_name': 'unroficial', 'name': 'unr', 'id': '66214657'}]",False,,,,
1135532348202782722,1135532348202782722,"Se cerraron 40 Centros de Acceso a la Justicia y se despidi√≥ a un centenar de trabajadorxs. Se suspendieron las capacitaciones docentes El presupuesto del Consejo Nacional de las Mujeres aument√≥ s√≥lo un 10%, cuando la inflaci√≥n a nivel nacional super√≥ el 40 #niunamenos  https://t.co/CYZdwbkEyO",editorialunlp,83893557,2019-06-03,10:03:03,1,0,0,['niunamenos'],[],False,,,,
1134178361880829952,1134178361880829952,Ya est√° disponible en el repositorio institucional de la Universidad Nacional de La Plata (SEDICI) el libro ‚ÄúIntroducci√≥n a la econom√≠a argentina‚Äù de Gerardo Fabi√°n De Santis  Link:  https://t.co/SR7w5qFMAB  https://t.co/P6uptALYha,editorialunlp,83893557,2019-05-30,16:22:48,4,0,0,[],[],False,,,,
1133094944942567427,1133094944942567427,El Consejo Superior de la UNLP aprob√≥ la propuesta elevada por el Consejo Directivo de la Facultad de Periodismo para designar con el T√≠tulo ‚ÄúDoctor Honoris Causa‚Äù de la UNLP al profesor¬†Jes√∫s Mart√≠n Barbero.  https://t.co/X06ByWjI62,editorialunlp,83893557,2019-05-27,16:37:41,5,0,0,[],[],False,,,,
1130571445963296770,1130571445963296770,Cruces entre lo cient√≠fico y lo √©tico en una nueva publicaci√≥n de la @unlp seleccionada en la convocatoria de Libros de Autor  #ciencia #etica #UNLP #libros  https://t.co/d9H7VRKRRo,editorialunlp,83893557,2019-05-20,17:30:12,2,0,0,"['ciencia', 'etica', 'unlp', 'libros']","[{'screen_name': 'unlp', 'name': 'unlp', 'id': '183674248'}]",False,,,,
1128637341860544513,1128637341860544513,Buen viaje querido Leopoldo. Nos quedan tus libros y tu sonrisa eterna.  https://t.co/w6IhIQmYNT,editorialunlp,83893557,2019-05-15,09:24:46,4,0,0,[],[],False,,,,
1128003434085404672,1128003434085404672,"La UNLP digitaliza la tesis de Ren√© Favaloro y la pone al alcance de todos! Se trata de un documento in√©dito escrito en el a√±o 1949, que a partir de ahora estar√° disponible en la web bajo la modalidad de acceso abierto.  https://t.co/sL7efio9Hz",editorialunlp,83893557,2019-05-13,15:25:50,35,1,8,[],[],False,,,,
1127998290585219080,1127998290585219080,"Presentaci√≥n del libro ""Fuera del mapa - Turismo, Patrimonio e Integraci√≥n"" de Gabriel Comparato.  https://t.co/kwRbH4UvPN",editorialunlp,83893557,2019-05-13,15:05:24,3,0,0,[],[],False,,,,
1127905389595566081,1127905389595566081,Una buena noticia que posiciona nuestros ebooks entre los m√°s descargados a nivel nacional  https://t.co/mPUpYqPJvD,editorialunlp,83893557,2019-05-13,08:56:15,7,0,2,[],[],False,,,,
1126982676660064258,1126982676660064258,Un reconocimiento que alcanza a todos nuestros ebooks,editorialunlp,83893557,2019-05-10,19:49:43,5,0,2,[],[],False,https://twitter.com/infoblancosobre/status/1126980765085052928,,,
1126623294856286208,1126563612250836993,@edegiusti @radioulaplata @economicas_unlp Siempre es un gusto articular proyectos con la Facultad de Ciencias Econ√≥micas des la @unlp . Gracias @edegiusti por poner su material en nuestras manos,editorialunlp,83893557,2019-05-09,20:01:39,5,0,1,[],"[{'screen_name': 'unlp', 'name': 'unlp', 'id': '183674248'}, {'screen_name': 'edegiusti', 'name': 'eduardo a. de giusti', 'id': '365564601'}]",False,,,,
1126563612250836993,1126563612250836993,"En el aula D del √Årea de Posgrado de @economicas_unlp se presentaron los nuevos libros de c√°tedra de la Licenciatura en Turismo. La apertura estuvo a cargo del decano de la FCE, Mg. Eduardo De Giusti, el Director del Departamento de Turismo, Mg. Pablo Montero, y Ana Manasanch.  https://t.co/YWZA1v3ISL",editorialunlp,83893557,2019-05-09,16:04:30,9,1,0,[],"[{'screen_name': 'economicas_unlp', 'name': 'ciencias econ√≥micas unlp', 'id': '191561347'}]",False,,,,
1126562984887824386,1126562984887824386,"Ma√±ana presentamos ‚ÄúFuera del Mapa. Turismo, patrimonio e integraci√≥n‚Äù de Gabriel Comparato. Este libro constituye una invitaci√≥n a mirar otras latitudes en virtud de relacionar tres grandes ejes de conocimiento: la integraci√≥n, el patrimonio y la pr√°ctica tur√≠stica.  https://t.co/IIZK5wnngh",editorialunlp,83893557,2019-05-09,16:02:00,1,0,0,[],[],False,,,,
1125795267532476419,1125795267532476419,NUEVO LIBRO üìö  Hablar de p√∫blicos nos da la posibilidad de repensar las configuraciones medi√°ticas hegem√≥nicas y la industria cultural en el cruce con la subjetividad de los actores sociales.  https://t.co/1PIWyV3UN0,editorialunlp,83893557,2019-05-07,13:11:22,4,0,0,[],[],False,,,,
1124408081834758146,1124408081834758146,EL PERIODISMO ES LIBRE O ES UNA FARSA  En el d√≠a mundial de la libertad de prensa y expresi√≥n desde EDULP acompa√±amos a los m√°s de 3.500 periodistas despedidos y a los compa√±eros detenidos.  https://t.co/jtkvY2y1JQ,editorialunlp,83893557,2019-05-03,17:19:11,4,0,1,[],[],False,,,,
1121493808523415554,1121493290283565056,@MLopezArmengol @MarcosActisIng,editorialunlp,83893557,2019-04-25,16:18:54,0,0,0,[],[],False,,,,
1121493290283565056,1121493290283565056,"Exitosa convocatoria! Por primera vez, las 17 facultades y los 4 colegios de la UNLP presentaron sus propuestas para la Colecci√≥n Libros de C√°tedra. Ahora comienza la instancia de evaluaci√≥n para la posterior publicaci√≥n.  https://t.co/u7WMmvnM2x",editorialunlp,83893557,2019-04-25,16:16:51,16,1,1,[],[],False,,,,
1120765171734077448,1120765171734077448,"Ahora podes encontrar Posguerra, el impactante libro √°lbum sobre Malvinas de Gonzalo Mainoldi en nuestra librer√≠a.  https://t.co/IjtFBqJQQw",editorialunlp,83893557,2019-04-23,16:03:34,4,1,1,[],[],False,,,,
1120763798078541825,1120763798078541825,"D√çA INTERNACIONAL DEL LIBRO Un 23 de abril, por una extra√±a coincidencia, murieron dos fundadores de la literatura: William Shakespeare y Miguel de Cervantes.  https://t.co/HsbKd3skE2",editorialunlp,83893557,2019-04-23,15:58:06,0,0,1,[],[],False,,,,
1120438948071989248,1120438948071989248,En la C√°mara de Diputados apoyando la Ley de Creaci√≥n del Instituto Nacional del Libro Argentino #ConLibrosHayFuturo  https://t.co/SYGeqXd08B,editorialunlp,83893557,2019-04-22,18:27:16,5,0,0,['conlibroshayfuturo'],[],False,,,,
1120353800072630273,1120353495838810114,@universidata,editorialunlp,83893557,2019-04-22,12:48:55,0,0,0,[],[],False,,,,
1120353495838810114,1120353495838810114,"Como todos los a√±os los esperamos en la @ferialibro , donde podr√°n encontrar todos nuestros t√≠tulos  https://t.co/3j4ayfqj5v",editorialunlp,83893557,2019-04-22,12:47:43,9,1,2,[],"[{'screen_name': 'ferialibro', 'name': 'feria del libro', 'id': '90878064'}]",False,,,,
1120311203753074688,1120311203753074688,En este link pueden firmar para apoyar la Ley de Creaci√≥n del Instituto Nacional del Libro Argentino que se presenta hoy,editorialunlp,83893557,2019-04-22,09:59:40,5,0,4,[],[],False,https://twitter.com/julianlopezok/status/1120047947369070593,,,
1119215350497857536,1119215350497857536,El lunes acompa√±amos el proyecto de creaci√≥n del Instituto Nacional del Libro Argentino. Iniciativa que le puede dar respiro  a una industria editorial  asfixiada como nunca antes en su historia.  https://t.co/MaWcpzDA3C,editorialunlp,83893557,2019-04-19,09:25:08,5,0,3,[],[],False,,,,
1118296838090690560,1118296838090690560,Podes encontrar todos los titulos de @cajanegraedit y @Mardulceditora en nuestra librer√≠a. Te esperamos !  https://t.co/SBJ3XA00cf,editorialunlp,83893557,2019-04-16,20:35:17,8,0,2,[],"[{'screen_name': 'cajanegraedit', 'name': 'caja negra editora', 'id': '199863454'}, {'screen_name': 'mardulceditora', 'name': 'editoramardulce@gmail.com', 'id': '384514498'}]",False,,,,
1118215388364464130,1118215388364464130,"¬øPor qu√© funciona el populismo? Su autora Mar√≠a Esperanza Casullo, polit√≥loga, docente universitaria, especialista en temas de democracia y sistemas de partidos present√≥ su libro. El discurso que sabe construir explicaciones convincentes de un mundo en crisis.  https://t.co/GUCfmDt8dx",editorialunlp,83893557,2019-04-16,15:11:38,4,0,0,[],[],False,,,,
1117886145281454080,1117886145281454080,"En el D√≠a Mundial del Arte desde EDULP recomendamos ""Modo mata moda"" de Daniela Lucena y Gisela Laboureau. Este t√≠tulo y otros m√°s los pueden encontrar en la librer√≠a.  https://t.co/tgJSLdieqg",editorialunlp,83893557,2019-04-15,17:23:21,0,0,0,[],[],False,,,,
1117882124562919424,1117882124562919424,"Desde EDULP acompa√±amos a las Madres de Plaza de Mayo en la defensa de su invaluable #ArchivoHist√≥rico con material in√©dito, parte del cual aparece en la colecci√≥n que editamos junto a ellxs.  https://t.co/FsZU3mPT5X",editorialunlp,83893557,2019-04-15,17:07:22,3,0,0,['archivohist√≥rico'],[],False,,,,
1117877752097411073,1117877752097411073,PRESENTACI√ìN ‚ÄúEnse√±anza del pasado reciente‚Äù sobre relatos de ni√±xs de la Escuela Anexa (Joaqu√≠n V. Gonz√°lez) de las coordinadoras Mar√≠a Garriga y Viviana Pappier.  https://t.co/WhU2Qlq3SU,editorialunlp,83893557,2019-04-15,16:49:59,1,0,0,[],[],False,,,,
1117877246725804032,1117877246725804032,PRESENTACI√ìN ‚ÄúViajeros del tiempo‚Äù de Guillermo (Yuyo) Niz√°n en el Auditorio del Centro de Arte.  https://t.co/AI6sKHLCVk,editorialunlp,83893557,2019-04-15,16:47:59,1,0,0,[],[],False,,,,
1117876839010017280,1117876839010017280,"Se destac√≥ la producci√≥n cient√≠fica de la UNLP  En tiempos de ajustes brutales y ataques medi√°ticos, un ranking internacional ubica la producci√≥n cient√≠fica de la UNLP segunda a nivel nacional y entre las m√°s destacas de Latinoam√©rica.  https://t.co/d8ZeoKO4wO",editorialunlp,83893557,2019-04-15,16:46:22,6,0,4,[],[],False,,,,
1117876588983382016,1117876588983382016,"CA√çDA EN EL SECTOR EDITORIAL  Seg√∫n el informe anual de producci√≥n de la C√°mara Argentina del Libro (CAL), para el sector editorial comercial (responsable de un tercio de las publicaciones que se realizan en el pa√≠s) el primer trimestre del 2019 fue el peor en 5 a√±os.  https://t.co/ZXvDVdQp3G",editorialunlp,83893557,2019-04-15,16:45:22,2,0,4,[],[],False,,,,
1114183635953967107,1114183635953967107,"Hoy presentamos este libro con cr√≥nicas de una paciente que vive hace a√±os con P√°rkinson. Lejos de ser un baj√≥n, es un libro con un humor negro delicioso, donde Se comparten las estrategias para sortear esta convivencia forzada.  https://t.co/sPweXNVIGO",editorialunlp,83893557,2019-04-05,12:10:53,4,1,0,[],[],False,,,,
1113946175630188545,1113946175630188545,Un registro de lo que fue la presentaci√≥n de Atlas de la Poes√≠a Argentina II en el Edificio Sergio Karakachoff  https://t.co/9QqXxhwYpJ,editorialunlp,83893557,2019-04-04,20:27:19,3,0,0,[],[],False,,,,
1113499419197018115,1113499419197018115,PRESENTACI√ìN Atlas de Poes√≠a Argentina II  https://t.co/HPNla2ZejM,editorialunlp,83893557,2019-04-03,14:52:04,1,0,0,[],[],False,,,,
1103380139780571137,1103380139780571137,"Est√°n las puertas abiertas de la librer√≠a de la Editorial de la Universidad de la Plata, donde ofrecemos nuestros t√≠tulos, y de otras editoriales tanto independientes, como comerciales y universitarias. Los esperamos en el primer subsuelo del edificio Sergio Karakachoff.  https://t.co/Y9CWUmatpv",editorialunlp,83893557,2019-03-06,16:41:39,9,2,4,[],[],False,,,,
1103378547593408513,1103378547593408513,Consulta esta publicaci√≥n de Instagram de @edulp.editorial  https://t.co/1xDdOEqc9j,editorialunlp,83893557,2019-03-06,16:35:20,0,0,0,[],"[{'screen_name': 'edulp', 'name': 'eduardo gon√ßalves', 'id': '51436587'}]",False,,,,
1099274765565595648,1098953712037433344,@EditorialUNRN üëèüèªüëèüèª,editorialunlp,83893557,2019-02-23,08:48:22,3,0,0,[],[],False,,,,
1097572443680587777,1097572443680587777,La biograf√≠a de Gregorio Selser que editamos sali√≥ en @elcoheteluna  https://t.co/2RjVdxLHIB,editorialunlp,83893557,2019-02-18,16:03:57,2,0,0,[],"[{'screen_name': 'elcoheteluna', 'name': 'el cohete a la luna üöÄüåö', 'id': '937439845714186241'}]",False,,,,
1096556322001178624,1096520102290341890,@hcollacciani Gracias ! Este espacio tambi√©n es de ustedes ! Los esperamos,editorialunlp,83893557,2019-02-15,20:46:14,3,0,0,[],[],False,,,,
1096555913543069698,1096426301261516800,@EditorialUNRN Gracias queridos colegas ! El espacio tambi√©n es de ustedes,editorialunlp,83893557,2019-02-15,20:44:37,1,2,0,[],[],False,,,,
1096223623466176512,1096175273488408578,@TATUCARRETA81 @facundoabal La semana que viene abierto al p√∫blico,editorialunlp,83893557,2019-02-14,22:44:13,3,0,0,[],[],False,,,,
1096173252928565248,1096173252928565248,Falta cada vez menos . Pre apertura de la librer√≠a de @Editorialunlp,editorialunlp,83893557,2019-02-14,19:24:04,11,0,1,[],"[{'screen_name': 'editorialunlp', 'name': 'editorial unlp', 'id': '83893557'}]",False,https://twitter.com/unlp/status/1096123200918953985,,,
1092092271011471362,1092092271011471362,"Nos sacudimos la arena y volvemos con todo: Nuevas colecciones, nuevos t√≠tulos, concursos y la apertura de nuestra librer√≠a con con m√°s de 100 editoriales de todo el pais !  https://t.co/WlPFP9bxuk",editorialunlp,83893557,2019-02-03,13:07:42,22,0,5,[],[],False,,,,
